catalog_id,slug,title,book_state,locale,in_app_index,pack_id,ui_category,subjects,openstax_categories,license_name,license_url,k12_subject_count,is_ap,downloaded_ref_count,unique_file_count,unique_associated_bytes,textbook_pdf_bytes,app_reported_book_bytes,source_page
873,additive-manufacturing-essentials,Additive Manufacturing Essentials,live,en,yes,science,science,Science|Business,Business/Business Technologies|Science/Additive Manufacturing Essentials,Creative Commons Attribution-NonCommercial-ShareAlike License,https://creativecommons.org/licenses/by-nc-sa/4.0/,0,no,6,5,22383532,20640015,43023547,https://openstax.org/details/books/additive-manufacturing-essentials
867,algebra-1,Algebra 1,live,en,yes,math,culture,Math,Math/Secondary Math,Creative Commons Attribution-NonCommercial-ShareAlike License,https://creativecommons.org/licenses/by-nc-sa/4.0/,2,no,7,6,85409518,82715252,168124770,https://openstax.org/details/books/algebra-1
38,algebra-and-trigonometry,Algebra and Trigonometry,retired,en,no,,,Math,,Creative Commons Attribution License,https://creativecommons.org/licenses/by/4.0/,0,no,11,10,147602970,86392139,,https://openstax.org/details/books/algebra-and-trigonometry
553,algebra-and-trigonometry-2e,Algebra and Trigonometry 2e,live,en,yes,math,culture,Math,Math/Algebra and Trigonometry,Creative Commons Attribution-NonCommercial-ShareAlike License,https://creativecommons.org/licenses/by-nc-sa/4.0/,1,no,8,7,121648859,116281063,237929922,https://openstax.org/details/books/algebra-and-trigonometry-2e
84,american-government,American Government,retired,en,no,,,Social Sciences,,Creative Commons Attribution License,https://creativecommons.org/licenses/by/4.0/,0,no,6,5,154758250,152822994,,https://openstax.org/details/books/american-government
300,american-government-2e,American Government 2e,retired,en,no,,,Social Sciences,,Creative Commons Attribution License,https://creativecommons.org/licenses/by/4.0/,0,no,8,7,153900546,151136113,,https://openstax.org/details/books/american-government-2e
518,american-government-3e,American Government 3e,retired,en,no,,,Social Sciences,Social Sciences/American Government,Creative Commons Attribution License,https://creativecommons.org/licenses/by/4.0/,0,no,8,7,159160243,156304666,,https://openstax.org/details/books/american-government-3e
931,american-government-4e,American Government 4e,live,en,yes,social-sciences,history,Social Sciences,Social Sciences/American Government,Creative Commons Attribution-NonCommercial-ShareAlike License,https://creativecommons.org/licenses/by-nc-sa/4.0/,3,no,7,6,157729219,155034953,312764172,https://openstax.org/details/books/american-government-4e
35,anatomy-and-physiology,Anatomy and Physiology,retired,en,no,,,Science,Science/Anatomy and Physiology,Creative Commons Attribution License,https://creativecommons.org/licenses/by/4.0/,0,no,13,11,269566971,135405076,,https://openstax.org/details/books/anatomy-and-physiology
585,anatomy-and-physiology-2e,Anatomy and Physiology 2e,live,en,yes,science,science,Science,Science/Anatomy and Physiology,Creative Commons Attribution-NonCommercial-ShareAlike License,https://creativecommons.org/licenses/by-nc-sa/4.0/,5,no,11,10,601382938,476335014,1077717952,https://openstax.org/details/books/anatomy-and-physiology-2e
47,college-physics-ap-courses,The AP Physics Collection,retired,en,no,,,Science,Science/Physics|Science/Physics,Creative Commons Attribution License,https://creativecommons.org/licenses/by/4.0/,2,yes,10,9,126090156,105524659,,https://openstax.org/details/books/college-physics-ap-courses
81,astronomy,Astronomy,retired,en,no,,,Science,Science/Astronomy,Creative Commons Attribution License,https://creativecommons.org/licenses/by/4.0/,0,no,11,10,164924119,161162805,,https://openstax.org/details/books/astronomy
576,astronomy-2e,Astronomy 2e,live,en,yes,science,science,Science,Science/Astronomy,Creative Commons Attribution-NonCommercial-ShareAlike License,https://creativecommons.org/licenses/by-nc-sa/4.0/,3,no,11,10,166527311,162975061,329502372,https://openstax.org/details/books/astronomy-2e
121,biology,Biology,retired,en,no,,,Science,,Creative Commons Attribution License,https://creativecommons.org/licenses/by/4.0/,0,no,7,6,280884155,279388465,,https://openstax.org/details/books/biology
207,biology-2e,Biology 2e,live,en,yes,science,science,Science,Science/Biology,Creative Commons Attribution-NonCommercial-ShareAlike License,https://creativecommons.org/licenses/by-nc-sa/4.0/,3,no,10,9,404698395,401298122,805996517,https://openstax.org/details/books/biology-2e
162,biology-ap-courses,Biology for AP® Courses,live,en,yes,science,science,Science,Science/Biology,Creative Commons Attribution-NonCommercial-ShareAlike License,https://creativecommons.org/licenses/by-nc-sa/4.0/,2,yes,8,7,289086073,265033179,554119252,https://openstax.org/details/books/biology-ap-courses
261,business-ethics,Business Ethics,live,en,yes,business,technology,Business,Business/Business Law and Ethics,Creative Commons Attribution-NonCommercial-ShareAlike License,https://creativecommons.org/licenses/by-nc-sa/4.0/,2,no,7,6,54062648,51368382,105431030,https://openstax.org/details/books/business-ethics
340,business-law-i-essentials,Business Law I Essentials,deprecated,en,no,,,Business,Business/Business Law and Ethics,Creative Commons Attribution-NonCommercial-ShareAlike License,https://creativecommons.org/licenses/by-nc-sa/4.0/,0,no,7,6,15600274,12906008,,https://openstax.org/details/books/business-law-i-essentials
975,business-law-i-essentials-2e,Business Law I Essentials 2e,live,en,yes,business,technology,Business,Business/Business Law and Ethics,Creative Commons Attribution-NonCommercial-ShareAlike License,https://creativecommons.org/licenses/by-nc-sa/4.0/,2,no,7,6,15770577,13076311,28846888,https://openstax.org/details/books/business-law-i-essentials-2e
74,calculus-volume-1,Calculus Volume 1,live,en,yes,math,culture,Math,Math/Calculus,Creative Commons Attribution-NonCommercial-ShareAlike License,https://creativecommons.org/licenses/by-nc-sa/4.0/,2,no,8,7,71278032,52104540,123382572,https://openstax.org/details/books/calculus-volume-1
75,calculus-volume-2,Calculus Volume 2,live,en,yes,math,culture,Math,Math/Calculus,Creative Commons Attribution-NonCommercial-ShareAlike License,https://creativecommons.org/licenses/by-nc-sa/4.0/,2,no,8,7,60939236,47350759,108289995,https://openstax.org/details/books/calculus-volume-2
76,calculus-volume-3,Calculus Volume 3,live,en,yes,math,culture,Math,Math/Calculus,Creative Commons Attribution-NonCommercial-ShareAlike License,https://creativecommons.org/licenses/by-nc-sa/4.0/,2,no,8,7,109409664,79186757,188596421,https://openstax.org/details/books/calculus-volume-3
43,chemistry,Chemistry,retired,en,no,,,Science,,Creative Commons Attribution License,https://creativecommons.org/licenses/by/4.0/,0,no,7,6,241388430,218204400,,https://openstax.org/details/books/chemistry
298,chemistry-2e,Chemistry 2e,live,en,yes,science,science,Science,Science/Chemistry,Creative Commons Attribution-NonCommercial-ShareAlike License,https://creativecommons.org/licenses/by-nc-sa/4.0/,3,no,10,9,245490854,217794376,463285230,https://openstax.org/details/books/chemistry-2e
299,chemistry-atoms-first-2e,Chemistry: Atoms First 2e,live,en,yes,science,science,Science,Science/Chemistry,Creative Commons Attribution-NonCommercial-ShareAlike License,https://creativecommons.org/licenses/by-nc-sa/4.0/,2,no,9,8,238170930,218252485,456423415,https://openstax.org/details/books/chemistry-atoms-first-2e
93,chemistry-atoms-first,Chemistry: Atoms First,retired,en,no,,,Science,,Creative Commons Attribution License,https://creativecommons.org/licenses/by/4.0/,0,no,6,5,240325858,218085647,,https://openstax.org/details/books/chemistry-atoms-first
814,clinical-nursing-skills,Clinical Nursing Skills,live,en,yes,nursing,science,Nursing,Nursing/Fundamentals and Skills,Creative Commons Attribution-NonCommercial-ShareAlike License,https://creativecommons.org/licenses/by-nc-sa/4.0/,1,no,8,7,98924569,95717314,194641883,https://openstax.org/details/books/clinical-nursing-skills
39,college-algebra,College Algebra,retired,en,no,,,Math,Math/College Algebra,Creative Commons Attribution License,https://creativecommons.org/licenses/by/4.0/,0,no,8,7,59664677,56807291,,https://openstax.org/details/books/college-algebra
550,college-algebra-2e,College Algebra 2e,live,en,yes,math,culture,Math,Math/College Algebra,Creative Commons Attribution-NonCommercial-ShareAlike License,https://creativecommons.org/licenses/by-nc-sa/4.0/,3,no,8,7,89587961,84220165,173808126,https://openstax.org/details/books/college-algebra-2e
443,college-algebra-corequisite-support,College Algebra with Corequisite Support,retired,en,no,,,Math,,Creative Commons Attribution License,https://creativecommons.org/licenses/by/4.0/,0,no,9,8,129825961,89343095,,https://openstax.org/details/books/college-algebra-corequisite-support
554,college-algebra-corequisite-support-2e,College Algebra 2e with Corequisite Support,live,en,yes,math,culture,Math,Math/College Algebra,Creative Commons Attribution-NonCommercial-ShareAlike License,https://creativecommons.org/licenses/by-nc-sa/4.0/,2,no,10,8,115533475,91254385,225699154,https://openstax.org/details/books/college-algebra-corequisite-support-2e
31,college-physics,College Physics,retired,en,no,,,Science,Science/Physics,Creative Commons Attribution License,https://creativecommons.org/licenses/by/4.0/,0,no,10,9,272640690,264102523,,https://openstax.org/details/books/college-physics
603,college-physics-2e,College Physics 2e,live,en,yes,science,science,Science,Science/Physics,Creative Commons Attribution-NonCommercial-ShareAlike License,https://creativecommons.org/licenses/by-nc-sa/4.0/,2,no,10,9,302808696,263463256,566271952,https://openstax.org/details/books/college-physics-2e
604,college-physics-ap-courses-2e,College Physics For AP® Courses 2e,live,en,yes,science,science,Science,Science/Physics,Creative Commons Attribution-NonCommercial-ShareAlike License,https://creativecommons.org/licenses/by-nc-sa/4.0/,2,yes,8,7,332090121,266882977,598973098,https://openstax.org/details/books/college-physics-ap-courses-2e
506,college-physics-courseware,College Physics with Courseware,retired,en,no,,,,,,,0,no,0,0,0,0,,https://openstax.org/details/books/college-physics-courseware
382,college-success,College Success,live,en,yes,college-success,culture,College Success,College Success/College Success,Creative Commons Attribution-NonCommercial-ShareAlike License,https://creativecommons.org/licenses/by-nc-sa/4.0/,1,no,8,7,90252775,87510264,177763039,https://openstax.org/details/books/college-success
694,college-success-concise,College Success Concise,live,en,yes,college-success,culture,College Success,College Success/College Success,Creative Commons Attribution-NonCommercial-ShareAlike License,https://creativecommons.org/licenses/by-nc-sa/4.0/,0,no,8,7,23981639,21239128,45220767,https://openstax.org/details/books/college-success-concise
34,concepts-biology,Concepts of Biology,live,en,yes,science,science,Science,Science/Biology,Creative Commons Attribution-NonCommercial-ShareAlike License,https://creativecommons.org/licenses/by-nc-sa/4.0/,3,no,9,8,215490105,185858638,401348743,https://openstax.org/details/books/concepts-biology
689,contemporary-mathematics,Contemporary Mathematics,live,en,yes,math,culture,Math,Math/Contemporary Math,Creative Commons Attribution-NonCommercial-ShareAlike License,https://creativecommons.org/licenses/by-nc-sa/4.0/,0,no,7,6,115491972,106819604,222311576,https://openstax.org/details/books/contemporary-mathematics
130,elementary-algebra,Elementary Algebra,retired,en,no,,,Math,,Creative Commons Attribution License,https://creativecommons.org/licenses/by/4.0/,0,no,10,9,161440677,78397079,,https://openstax.org/details/books/elementary-algebra
414,elementary-algebra-2e,Elementary Algebra 2e,live,en,yes,math,culture,Math,Math/Developmental Math,Creative Commons Attribution-NonCommercial-ShareAlike License,https://creativecommons.org/licenses/by-nc-sa/4.0/,3,no,7,6,59422971,56728705,116151676,https://openstax.org/details/books/elementary-algebra-2e
314,entrepreneurship,Entrepreneurship,live,en,yes,business,technology,Business,Business/Management and Marketing,Creative Commons Attribution-NonCommercial-ShareAlike License,https://creativecommons.org/licenses/by-nc-sa/4.0/,2,no,7,6,132070065,129375799,261445864,https://openstax.org/details/books/entrepreneurship
190,fizyka-dla-szkół-wyższych-tom-1,Fizyka dla szkół wyższych. Tom 1,unlisted,en,no,,,Science,Science/Physics,Creative Commons Attribution-NonCommercial-ShareAlike License,https://creativecommons.org/licenses/by-nc-sa/4.0/,0,no,2,1,69987722,69987722,,https://openstax.org/details/books/fizyka-dla-szkół-wyższych-tom-1
219,fizyka-dla-szkół-wyższych-tom-2,Fizyka dla szkół wyższych. Tom 2,unlisted,en,no,,,Science,Science/Physics,Creative Commons Attribution-NonCommercial-ShareAlike License,https://creativecommons.org/licenses/by-nc-sa/4.0/,0,no,2,1,57133524,57133524,,https://openstax.org/details/books/fizyka-dla-szkół-wyższych-tom-2
245,fizyka-dla-szkół-wyższych-tom-3,Fizyka dla szkół wyższych. Tom 3,unlisted,en,no,,,Science,Science/Physics,Creative Commons Attribution-NonCommercial-ShareAlike License,https://creativecommons.org/licenses/by-nc-sa/4.0/,0,no,2,1,46895779,46895779,,https://openstax.org/details/books/fizyka-dla-szkół-wyższych-tom-3
870,foundations-information-systems,Foundations of Information Systems,live,en,yes,computer-science,technology,Computer Science,Computer Science/Information Systems,Creative Commons Attribution-NonCommercial-ShareAlike License,https://creativecommons.org/licenses/by-nc-sa/4.0/,0,no,7,6,28314047,25619781,53933828,https://openstax.org/details/books/foundations-information-systems
815,fundamentals-nursing,Fundamentals of Nursing,live,en,yes,nursing,science,Nursing,Nursing/Fundamentals and Skills,Creative Commons Attribution-NonCommercial-ShareAlike License,https://creativecommons.org/licenses/by-nc-sa/4.0/,1,no,7,6,99277601,96583335,195860936,https://openstax.org/details/books/fundamentals-nursing
131,intermediate-algebra,Intermediate Algebra,retired,en,no,,,Math,,Creative Commons Attribution License,https://creativecommons.org/licenses/by/4.0/,0,no,10,9,169730904,65562094,,https://openstax.org/details/books/intermediate-algebra
418,intermediate-algebra-2e,Intermediate Algebra 2e,live,en,yes,math,culture,Math,Math/Developmental Math,Creative Commons Attribution-NonCommercial-ShareAlike License,https://creativecommons.org/licenses/by-nc-sa/4.0/,2,no,7,6,83682992,80988726,164671718,https://openstax.org/details/books/intermediate-algebra-2e
573,introduction-anthropology,Introduction to Anthropology,live,en,yes,social-sciences,history,Social Sciences,Social Sciences/Anthropology,Creative Commons Attribution-NonCommercial-ShareAlike License,https://creativecommons.org/licenses/by-nc-sa/4.0/,0,no,6,5,103093324,101187994,204281318,https://openstax.org/details/books/introduction-anthropology
844,introduction-behavioral-neuroscience,Introduction to Behavioral Neuroscience,live,en,yes,social-sciences,history,Social Sciences|Science,Science/Biology|Social Sciences/Psychology,Creative Commons Attribution-NonCommercial-ShareAlike License,https://creativecommons.org/licenses/by-nc-sa/4.0/,0,no,7,6,265070293,262376027,527446320,https://openstax.org/details/books/introduction-behavioral-neuroscience
259,introduction-business,Introduction to Business,deprecated,en,no,,,Business,Business/Introduction to Business,Creative Commons Attribution License,https://creativecommons.org/licenses/by/4.0/,1,no,5,5,2694266,0,,https://openstax.org/details/books/introduction-business
960,introduction-business-2e,Introduction to Business 2e,live,en,yes,business,technology,Business,Business/Introduction to Business,Creative Commons Attribution-NonCommercial-ShareAlike License,https://creativecommons.org/licenses/by-nc-sa/4.0/,2,no,8,7,151813485,148842597,300656082,https://openstax.org/details/books/introduction-business-2e
847,introduction-computer-science,Introduction to Computer Science,live,en,yes,computer-science,technology,Computer Science,Computer Science/Foundations of Computer Science,Creative Commons Attribution-NonCommercial-ShareAlike License,https://creativecommons.org/licenses/by-nc-sa/4.0/,2,no,7,6,58955777,56261511,115217288,https://openstax.org/details/books/introduction-computer-science
489,introduction-intellectual-property,Introduction to Intellectual Property,live,en,yes,business,technology,Business,Business/Business Law and Ethics,Creative Commons Attribution License,https://creativecommons.org/licenses/by/4.0/,0,no,6,5,26488098,24582768,51070866,https://openstax.org/details/books/introduction-intellectual-property
601,introduction-philosophy,Introduction to Philosophy,live,en,yes,humanities,history,Humanities,Humanities/Philosophy,Creative Commons Attribution-NonCommercial-ShareAlike License,https://creativecommons.org/licenses/by-nc-sa/4.0/,0,no,7,6,50763153,48068887,98832040,https://openstax.org/details/books/introduction-philosophy
598,introduction-political-science,Introduction to Political Science,live,en,yes,social-sciences,history,Social Sciences,Social Sciences/Political Science,Creative Commons Attribution-NonCommercial-ShareAlike License,https://creativecommons.org/licenses/by-nc-sa/4.0/,1,no,7,6,81144157,78449891,159594048,https://openstax.org/details/books/introduction-political-science
775,introduction-python-programming,Introduction to Python Programming,live,en,yes,computer-science,technology,Computer Science,Computer Science/Python Programming,Creative Commons Attribution-NonCommercial-ShareAlike License,https://creativecommons.org/licenses/by-nc-sa/4.0/,1,no,6,5,11706905,9963388,21670293,https://openstax.org/details/books/introduction-python-programming
466,introduction-sociology,Introduction to Sociology,retired,en,no,,,Social Sciences,,Creative Commons Attribution License,https://creativecommons.org/licenses/by/4.0/,0,no,0,0,0,0,,https://openstax.org/details/books/introduction-sociology
32,introduction-sociology-2e,Introduction to Sociology 2e,retired,en,no,,,Social Sciences,,Creative Commons Attribution License,https://creativecommons.org/licenses/by/4.0/,0,no,9,8,42475308,39450399,,https://openstax.org/details/books/introduction-sociology-2e
515,introduction-sociology-3e,Introduction to Sociology 3e,live,en,yes,social-sciences,history,Social Sciences,Social Sciences/Sociology,Creative Commons Attribution-NonCommercial-ShareAlike License,https://creativecommons.org/licenses/by-nc-sa/4.0/,3,no,8,7,51084446,48299547,99383993,https://openstax.org/details/books/introduction-sociology-3e
189,introductory-business-statistics,Introductory Business Statistics,retired,en,no,,,Math|Business,Math/Statistics|Business/Business Statistics,Creative Commons Attribution License,https://creativecommons.org/licenses/by/4.0/,0,no,9,8,28778519,23918922,,https://openstax.org/details/books/introductory-business-statistics
751,introductory-business-statistics-2e,Introductory Business Statistics 2e,live,en,yes,business,technology,Business|Math,Math/Statistics|Business/Business Statistics,Creative Commons Attribution-NonCommercial-ShareAlike License,https://creativecommons.org/licenses/by-nc-sa/4.0/,1,no,10,8,27103487,22795257,51358697,https://openstax.org/details/books/introductory-business-statistics-2e
36,introductory-statistics,Introductory Statistics,retired,en,no,,,Math,Math/Statistics,Creative Commons Attribution License,https://creativecommons.org/licenses/by/4.0/,0,no,10,9,42005963,26571083,,https://openstax.org/details/books/introductory-statistics
750,introductory-statistics-2e,Introductory Statistics 2e,live,en,yes,math,culture,Math,Math/Statistics,Creative Commons Attribution-NonCommercial-ShareAlike License,https://creativecommons.org/licenses/by-nc-sa/4.0/,2,no,10,8,28287294,23503369,53725616,https://openstax.org/details/books/introductory-statistics-2e
391,life-liberty-and-pursuit-happiness,"Life, Liberty, and the Pursuit of Happiness",retired,en,no,,,Humanities,,Creative Commons Attribution License,https://creativecommons.org/licenses/by/4.0/,0,yes,3,3,2184934,0,,https://openstax.org/details/books/life-liberty-and-pursuit-happiness
834,lifespan-development,Lifespan Development,live,en,yes,social-sciences,history,Social Sciences,Social Sciences/Lifespan Development,Creative Commons Attribution-NonCommercial-ShareAlike License,https://creativecommons.org/licenses/by-nc-sa/4.0/,1,no,7,6,77769639,75075373,152845012,https://openstax.org/details/books/lifespan-development
843,marketing-podstawy,Marketing Podstawy,unlisted,en,no,,,,,Creative Commons Attribution-NonCommercial-ShareAlike License,https://creativecommons.org/licenses/by-nc-sa/4.0/,0,no,0,0,0,0,,https://openstax.org/details/books/marketing-podstawy
813,maternal-newborn-nursing,Maternal-Newborn Nursing,live,en,yes,nursing,science,Nursing,Nursing/Maternal-Newborn Nursing,Creative Commons Attribution-NonCommercial-ShareAlike License,https://creativecommons.org/licenses/by-nc-sa/4.0/,1,no,6,5,62536910,60793393,123330303,https://openstax.org/details/books/maternal-newborn-nursing
820,medical-surgical-nursing,Medical-Surgical Nursing,live,en,yes,nursing,science,Nursing,Nursing/Medical-Surgical Nursing,Creative Commons Attribution-NonCommercial-ShareAlike License,https://creativecommons.org/licenses/by-nc-sa/4.0/,1,no,7,6,75479611,72785345,148264956,https://openstax.org/details/books/medical-surgical-nursing
83,microbiology,Microbiology,live,en,yes,science,science,Science,Science/Biology,Creative Commons Attribution-NonCommercial-ShareAlike License,https://creativecommons.org/licenses/by-nc-sa/4.0/,3,no,7,6,335567304,332873038,668440342,https://openstax.org/details/books/microbiology
743,makroekonomia-podstawy,Makroekonomia – Podstawy,unlisted,en,no,,,Social Sciences|Business,Social Sciences/Economics,Creative Commons Attribution-NonCommercial-ShareAlike License,https://creativecommons.org/licenses/by-nc-sa/4.0/,0,no,2,1,10836323,10836323,,https://openstax.org/details/books/makroekonomia-podstawy
610,mikroekonomia-podstawy,Mikroekonomia – Podstawy,unlisted,en,no,,,Social Sciences|Business,Business/Economics|Social Sciences/Economics,Creative Commons Attribution-NonCommercial-ShareAlike License,https://creativecommons.org/licenses/by-nc-sa/4.0/,0,no,2,1,8395600,8395600,,https://openstax.org/details/books/mikroekonomia-podstawy
771,nutrition,Nutrition for Nurses,live,en,yes,nursing,science,Nursing,Nursing/Nutrition and Pharmacology,Creative Commons Attribution-NonCommercial-ShareAlike License,https://creativecommons.org/licenses/by-nc-sa/4.0/,1,no,7,6,34264199,31569933,65834132,https://openstax.org/details/books/nutrition
707,organic-chemistry,Organic Chemistry: A Tenth Edition,live,en,yes,science,science,Science,Science/Chemistry,Creative Commons Attribution-NonCommercial-ShareAlike License,https://creativecommons.org/licenses/by-nc-sa/4.0/,0,no,10,8,304377343,207713388,599021778,https://openstax.org/details/books/organic-chemistry
315,organizational-behavior,Organizational Behavior,live,en,yes,business,technology,Business,Business/Management and Marketing,Creative Commons Attribution-NonCommercial-ShareAlike License,https://creativecommons.org/licenses/by-nc-sa/4.0/,1,no,7,6,48925820,46231554,95157374,https://openstax.org/details/books/organizational-behavior
770,pharmacology,Pharmacology for Nurses,live,en,yes,nursing,science,Nursing,Nursing/Nutrition and Pharmacology,Creative Commons Attribution-NonCommercial-ShareAlike License,https://creativecommons.org/licenses/by-nc-sa/4.0/,1,no,8,7,50357721,47218206,97575927,https://openstax.org/details/books/pharmacology
415,physics,Physics,live,en,yes,science,science,Science,Science/Physics,Creative Commons Attribution License,https://creativecommons.org/licenses/by/4.0/,2,no,8,7,69728928,57463331,127192259,https://openstax.org/details/books/physics
772,population-health,Population Health for Nurses,live,en,yes,nursing,science,Nursing,Nursing/Population and Community Health,Creative Commons Attribution-NonCommercial-ShareAlike License,https://creativecommons.org/licenses/by-nc-sa/4.0/,1,no,7,6,63463983,60769717,124233700,https://openstax.org/details/books/population-health
46,prealgebra,Prealgebra,retired,en,no,,,Math,,Creative Commons Attribution License,https://creativecommons.org/licenses/by/4.0/,0,no,11,10,119255837,55557984,,https://openstax.org/details/books/prealgebra
392,prealgebra-2e,Prealgebra 2e,live,en,yes,math,culture,Math,Math/Developmental Math,Creative Commons Attribution-NonCommercial-ShareAlike License,https://creativecommons.org/licenses/by-nc-sa/4.0/,2,no,8,7,66295502,63194495,129489997,https://openstax.org/details/books/prealgebra-2e
37,precalculus,Precalculus,retired,en,no,,,Math,,Creative Commons Attribution License,https://creativecommons.org/licenses/by/4.0/,0,no,8,7,89084729,86247471,,https://openstax.org/details/books/precalculus
551,precalculus-2e,Precalculus 2e,live,en,yes,math,culture,Math,Math/Precalculus,Creative Commons Attribution-NonCommercial-ShareAlike License,https://creativecommons.org/licenses/by-nc-sa/4.0/,2,no,8,7,119754602,114386806,234141408,https://openstax.org/details/books/precalculus-2e
720,preparing-for-college-success,Preparing for College Success,live,en,yes,college-success,culture,College Success,College Success/College Success,Creative Commons Attribution-NonCommercial-ShareAlike License,https://creativecommons.org/licenses/by-nc-sa/4.0/,1,no,8,7,24745209,22002698,46747907,https://openstax.org/details/books/preparing-for-college-success
303,principles-financial-accounting,"Principles of Accounting, Volume 1: Financial Accounting",live,en,yes,business,technology,Business,Business/Accounting and Finance,Creative Commons Attribution-NonCommercial-ShareAlike License,https://creativecommons.org/licenses/by-nc-sa/4.0/,2,no,7,6,169712092,167017826,336729918,https://openstax.org/details/books/principles-financial-accounting
292,principles-managerial-accounting,"Principles of Accounting, Volume 2: Managerial Accounting",live,en,yes,business,technology,Business,Business/Accounting and Finance,Creative Commons Attribution-NonCommercial-ShareAlike License,https://creativecommons.org/licenses/by-nc-sa/4.0/,2,no,7,6,92516733,89822467,182339200,https://openstax.org/details/books/principles-managerial-accounting
865,principles-data-science,Principles of Data Science,live,en,yes,computer-science,technology,Computer Science|Business|Math,Computer Science/Principles of Data Science|Business/Business Statistics|Math/Principles of Data Science,Creative Commons Attribution-NonCommercial-ShareAlike License,https://creativecommons.org/licenses/by-nc-sa/4.0/,2,no,8,7,71302575,37337845,108640420,https://openstax.org/details/books/principles-data-science
40,principles-economics,Principles of Economics,retired,en,no,,,,,Creative Commons Attribution License,https://creativecommons.org/licenses/by/4.0/,0,no,7,6,115385436,113952634,,https://openstax.org/details/books/principles-economics
177,principles-economics-2e,Principles of Economics 2e,retired,en,no,,,Social Sciences,Social Sciences/Economics,Creative Commons Attribution License,https://creativecommons.org/licenses/by/4.0/,0,no,9,8,54583841,51763377,,https://openstax.org/details/books/principles-economics-2e
620,principles-economics-3e,Principles of Economics 3e,live,en,yes,social-sciences,history,Social Sciences|Business,Social Sciences/Economics|Business/Economics,Creative Commons Attribution-NonCommercial-ShareAlike License,https://creativecommons.org/licenses/by-nc-sa/4.0/,3,no,7,6,53698686,49444584,103143270,https://openstax.org/details/books/principles-economics-3e
583,principles-finance,Principles of Finance,deprecated,en,no,,,Business,Business/Accounting and Finance,Creative Commons Attribution-NonCommercial-ShareAlike License,https://creativecommons.org/licenses/by-nc-sa/4.0/,0,no,7,6,34610934,31916668,,https://openstax.org/details/books/principles-finance
976,principles-finance-2e,Principles of Finance 2e,live,en,yes,business,technology,Business,Business/Accounting and Finance,Creative Commons Attribution-NonCommercial-ShareAlike License,https://creativecommons.org/licenses/by-nc-sa/4.0/,2,no,7,6,33596779,30902513,64499292,https://openstax.org/details/books/principles-finance-2e
41,principles-macroeconomics,Principles of Macroeconomics,retired,en,no,,,,,Creative Commons Attribution License,https://creativecommons.org/licenses/by/4.0/,0,no,7,6,85019956,82687108,,https://openstax.org/details/books/principles-macroeconomics
178,principles-macroeconomics-2e,Principles of Macroeconomics 2e,retired,en,no,,,Social Sciences,Social Sciences/Economics,Creative Commons Attribution License,https://creativecommons.org/licenses/by/4.0/,0,no,9,8,41826308,39011342,,https://openstax.org/details/books/principles-macroeconomics-2e
622,principles-macroeconomics-3e,Principles of Macroeconomics 3e,live,en,yes,social-sciences,history,Social Sciences|Business,Social Sciences/Economics|Business/Economics,Creative Commons Attribution-NonCommercial-ShareAlike License,https://creativecommons.org/licenses/by-nc-sa/4.0/,3,no,7,6,37839225,33585123,71424348,https://openstax.org/details/books/principles-macroeconomics-3e
48,principles-macroeconomics-ap-courses,Principles of Macroeconomics for AP® Courses,retired,en,no,,,,,Creative Commons Attribution License,https://creativecommons.org/licenses/by/4.0/,0,yes,5,4,13501153,11639409,,https://openstax.org/details/books/principles-macroeconomics-ap-courses
186,principles-macroeconomics-ap-courses-2e,Principles of Macroeconomics for AP® Courses 2e,retired,en,no,,,Social Sciences,Social Sciences/Economics,Creative Commons Attribution License,https://creativecommons.org/licenses/by/4.0/,2,yes,8,7,35906271,33409792,,https://openstax.org/details/books/principles-macroeconomics-ap-courses-2e
304,principles-management,Principles of Management,live,en,yes,business,technology,Business,Business/Management and Marketing,Creative Commons Attribution-NonCommercial-ShareAlike License,https://creativecommons.org/licenses/by-nc-sa/4.0/,2,no,7,6,68323768,65629502,133953270,https://openstax.org/details/books/principles-management
629,principles-marketing,Principles of Marketing,live,en,yes,business,technology,Business,Business/Management and Marketing,Creative Commons Attribution-NonCommercial-ShareAlike License,https://creativecommons.org/licenses/by-nc-sa/4.0/,2,no,6,5,64220678,62477161,126697839,https://openstax.org/details/books/principles-marketing
42,principles-microeconomics,Principles of Microeconomics,retired,en,no,,,,,Creative Commons Attribution License,https://creativecommons.org/licenses/by/4.0/,0,no,7,6,65403389,63021572,,https://openstax.org/details/books/principles-microeconomics
155,principles-microeconomics-2e,Principles of Microeconomics 2e,retired,en,no,,,Social Sciences,Social Sciences/Economics,Creative Commons Attribution License,https://creativecommons.org/licenses/by/4.0/,0,no,9,8,36792664,33969709,,https://openstax.org/details/books/principles-microeconomics-2e
621,principles-microeconomics-3e,Principles of Microeconomics 3e,live,en,yes,social-sciences,history,Social Sciences|Business,Social Sciences/Economics|Business/Economics,Creative Commons Attribution-NonCommercial-ShareAlike License,https://creativecommons.org/licenses/by-nc-sa/4.0/,3,no,7,6,33501695,29247593,62749288,https://openstax.org/details/books/principles-microeconomics-3e
49,principles-microeconomics-ap-courses,Principles of Microeconomics for AP® Courses,retired,en,no,,,,,Creative Commons Attribution License,https://creativecommons.org/licenses/by/4.0/,0,yes,6,5,13071404,11083063,,https://openstax.org/details/books/principles-microeconomics-ap-courses
188,principles-microeconomics-ap-courses-2e,Principles of Microeconomics for AP® Courses 2e,retired,en,no,,,Social Sciences,Social Sciences/Economics,Creative Commons Attribution License,https://creativecommons.org/licenses/by/4.0/,2,yes,8,7,33515976,30894376,,https://openstax.org/details/books/principles-microeconomics-ap-courses-2e
470,psychologia-polska,Psychologia,unlisted,en,no,,,Social Sciences,Social Sciences/Psychology,Creative Commons Attribution-NonCommercial-ShareAlike License,https://creativecommons.org/licenses/by-nc-sa/4.0/,0,no,2,1,44211687,44211687,,https://openstax.org/details/books/psychologia-polska
810,psychiatric-mental-health,Psychiatric-Mental Health Nursing,live,en,yes,nursing,science,Nursing,Nursing/Psychiatric-Mental Health Nursing,Creative Commons Attribution-NonCommercial-ShareAlike License,https://creativecommons.org/licenses/by-nc-sa/4.0/,1,no,6,5,30451498,28707981,59159479,https://openstax.org/details/books/psychiatric-mental-health
45,psychology,Psychology,retired,en,no,,,Social Sciences,,Creative Commons Attribution License,https://creativecommons.org/licenses/by/4.0/,2,no,11,10,70161801,66139228,,https://openstax.org/details/books/psychology
417,psychology-2e,Psychology 2e,live,en,yes,social-sciences,history,Social Sciences,Social Sciences/Psychology,Creative Commons Attribution-NonCommercial-ShareAlike License,https://creativecommons.org/licenses/by-nc-sa/4.0/,3,no,10,9,62651094,57739919,120391013,https://openstax.org/details/books/psychology-2e
413,statistics,Statistics,live,en,yes,math,culture,Math,Math/Secondary Math,Creative Commons Attribution License,https://creativecommons.org/licenses/by/4.0/,2,no,7,6,34145403,31451137,65596540,https://openstax.org/details/books/statistics
44,us-history,U.S. History,live,en,yes,humanities,history,Humanities,Humanities/U.S. History,Creative Commons Attribution-NonCommercial-ShareAlike License,https://creativecommons.org/licenses/by-nc-sa/4.0/,3,no,8,7,139163737,136400038,275563775,https://openstax.org/details/books/us-history
82,university-physics-volume-1,University Physics Volume 1,live,en,yes,science,science,Science|Science,Science/Physics,Creative Commons Attribution-NonCommercial-ShareAlike License,https://creativecommons.org/licenses/by-nc-sa/4.0/,3,no,8,7,106793245,81497906,188291151,https://openstax.org/details/books/university-physics-volume-1
94,university-physics-volume-2,University Physics Volume 2,live,en,yes,science,science,Science,Science/Physics,Creative Commons Attribution-NonCommercial-ShareAlike License,https://creativecommons.org/licenses/by-nc-sa/4.0/,3,no,8,7,87581706,63815745,151397451,https://openstax.org/details/books/university-physics-volume-2
95,university-physics-volume-3,University Physics Volume 3,live,en,yes,science,science,Science,Science/Physics,Creative Commons Attribution-NonCommercial-ShareAlike License,https://creativecommons.org/licenses/by-nc-sa/4.0/,3,no,8,7,64913471,53457236,118370707,https://openstax.org/details/books/university-physics-volume-3
690,world-history-volume-1,"World History, Volume 1: to 1500",live,en,yes,humanities,history,Humanities,Humanities/World History,Creative Commons Attribution-NonCommercial-ShareAlike License,https://creativecommons.org/licenses/by-nc-sa/4.0/,2,no,6,5,202782824,201039307,403822131,https://openstax.org/details/books/world-history-volume-1
745,workplace-software-skills,Workplace Software and Skills,live,en,yes,business,technology,Business|Computer Science,Business/Business Technologies|Computer Science/Business Technologies,Creative Commons Attribution-NonCommercial-ShareAlike License,https://creativecommons.org/licenses/by-nc-sa/4.0/,3,no,7,6,292958441,290264175,583222616,https://openstax.org/details/books/workplace-software-skills
623,world-history-volume-2,"World History, Volume 2: from 1400",live,en,yes,humanities,history,Humanities,Humanities/World History,Creative Commons Attribution-NonCommercial-ShareAlike License,https://creativecommons.org/licenses/by-nc-sa/4.0/,2,no,5,4,134848382,132663448,267511830,https://openstax.org/details/books/world-history-volume-2
555,writing-guide,Writing Guide with Handbook,live,en,yes,humanities,history,Humanities,Humanities/Writing Guide with Handbook,Creative Commons Attribution-NonCommercial-ShareAlike License,https://creativecommons.org/licenses/by-nc-sa/4.0/,1,no,8,7,69273294,63546834,132820128,https://openstax.org/details/books/writing-guide
939,zywienie,Zywienie,unlisted,en,no,,,,,Creative Commons Attribution-NonCommercial-ShareAlike License,https://creativecommons.org/licenses/by-nc-sa/4.0/,0,no,0,0,0,0,,https://openstax.org/details/books/zywienie
578,cálculo-volumen-1,Cálculo volumen 1,live,es,yes,matematicas,culture,Matemáticas,Matemáticas/Cálculo,,,0,no,2,1,43346007,43346007,86692014,https://openstax.org/details/books/cálculo-volumen-1
579,cálculo-volumen-2,Cálculo volumen 2,live,es,yes,matematicas,culture,Matemáticas,Matemáticas/Cálculo,,,0,no,2,1,40585825,40585825,81171650,https://openstax.org/details/books/cálculo-volumen-2
580,cálculo-volumen-3,Cálculo volumen 3,live,es,yes,matematicas,culture,Matemáticas,Matemáticas/Cálculo,,,0,no,2,1,66713511,66713511,133427022,https://openstax.org/details/books/cálculo-volumen-3
534,física-universitaria-volumen-1,Física universitaria volumen 1,live,es,yes,ciencia,science,Ciencia,Ciencia/Física,Creative Commons Attribution License,https://creativecommons.org/licenses/by/4.0/,0,no,3,2,82249764,72134561,154384325,https://openstax.org/details/books/física-universitaria-volumen-1
547,física-universitaria-volumen-2,Física universitaria volumen 2,live,es,yes,ciencia,science,Ciencia,Ciencia/Física,,,0,no,3,2,65091512,56132268,121223780,https://openstax.org/details/books/física-universitaria-volumen-2
548,física-universitaria-volumen-3,Física universitaria volumen 3,live,es,yes,ciencia,science,Ciencia,Ciencia/Física,,,0,no,3,2,55425436,48525279,103950715,https://openstax.org/details/books/física-universitaria-volumen-3
564,introducción-estadística,Introducción a la estadística,live,es,yes,matematicas,culture,Matemáticas,Matemáticas/Estadísticas,,,0,no,2,1,25398040,25398040,50796080,https://openstax.org/details/books/introducción-estadística
565,introducción-estadística-empresarial,Introducción a la estadística empresarial,live,es,yes,matematicas,culture,Matemáticas|Empresarial,Empresarial/Estadísticas,,,0,no,2,1,23170999,23170999,46341998,https://openstax.org/details/books/introducción-estadística-empresarial
597,precálculo-2ed,Precálculo 2ed,live,es,yes,matematicas,culture,Matemáticas,Matemáticas/Precálculo,,,0,no,2,1,104457432,104457432,208914864,https://openstax.org/details/books/precálculo-2ed
599,química-2ed,Química 2ed,live,es,yes,ciencia,science,Ciencia,Ciencia/Química,,,0,no,3,2,197809622,185779507,383589129,https://openstax.org/details/books/química-2ed
600,química-comenzando-átomos-2ed,Química: Comenzando con los átomos 2ed,live,es,yes,ciencia,science,Ciencia,Ciencia/Química,,,0,no,3,2,199188924,185589729,384778653,https://openstax.org/details/books/química-comenzando-átomos-2ed
