current_id,current_name,proposed_id,proposed_name,browse_categories,description,included_content,unique_mib,textbook_pdf_mib,other_files_mib,unique_file_count,reason,manual_review
science,Science,openstax-anatomy-physiology-2e,Anatomy and Physiology,Science; Health,Offline copy of OpenStax Anatomy and Physiology 2e.,Anatomy and Physiology 2e,573.5,454.3,119.3,10,Split out of Science,Large supplementary files
science,Science,openstax-astronomy-2e,Astronomy,Science,Offline copy of OpenStax Astronomy 2e.,Astronomy 2e,158.8,155.4,3.4,10,Split out of Science,OpenStax license review
science,Science,openstax-biology-2e,Biology,Science,Offline copy of OpenStax Biology 2e only.,Biology 2e,386.0,382.7,3.2,9,"Does not include Concepts of Biology, AP biology, or Microbiology",OpenStax license review
science,Science,openstax-biology-ap,Biology for AP Courses,Science,Offline copy of OpenStax Biology for AP Courses.,Biology for AP® Courses,275.7,252.8,22.9,7,Separate book from Biology 2e,OpenStax license review
science,Science,openstax-concepts-of-biology,Concepts of Biology,Science,Offline copy of OpenStax Concepts of Biology.,Concepts of Biology,205.5,177.2,28.3,8,Separate book from Biology 2e,OpenStax license review
science,Science,openstax-microbiology,Microbiology,Science,Offline copy of OpenStax Microbiology.,Microbiology,320.0,317.5,2.6,6,OpenStax files this under Biology; the title is microbiology,OpenStax license review
science,Science,openstax-chemistry-2e,Chemistry,Science,Offline copy of OpenStax Chemistry 2e.,Chemistry 2e,234.1,207.7,26.4,9,Not Atoms First and not organic chemistry,OpenStax license review
science,Science,openstax-chemistry-atoms-first-2e,Chemistry: Atoms First,Science,Offline copy of OpenStax Chemistry: Atoms First 2e.,Chemistry: Atoms First 2e,227.1,208.1,19.0,8,Different textbook from Chemistry 2e,OpenStax license review
science,Science,openstax-organic-chemistry,Organic Chemistry,Science,Offline copy of OpenStax Organic Chemistry: A Tenth Edition.,Organic Chemistry: A Tenth Edition,290.3,198.1,92.2,8,Different course from general chemistry,Large supplementary files
science,Science,openstax-college-physics-2e,College Physics,Science,Offline copy of OpenStax College Physics 2e.,College Physics 2e,288.8,251.3,37.5,9,Not University Physics and not the book titled Physics,OpenStax license review
science,Science,openstax-college-physics-ap-2e,College Physics for AP Courses,Science,Offline copy of OpenStax College Physics for AP Courses 2e.,College Physics for AP® Courses 2e,316.7,254.5,62.2,7,Separate AP edition,Large supplementary files
science,Science,openstax-physics,Physics,Science,Offline copy of the OpenStax book titled Physics. Catalog license is CC BY 4.0.,Physics,66.5,54.8,11.7,7,Different smaller book from College Physics and University Physics,CC BY 4.0; still blocked on the OpenStax AI notice
science,Science,openstax-university-physics,"University Physics, Volumes 1–3",Science,"University Physics volumes 1, 2, and 3 as one numbered set.",University Physics Volume 1; Volume 2; Volume 3,242.1,189.6,52.6,11,Numbered volumes of one textbook,OpenStax license review
science,Science,openstax-additive-manufacturing,Additive Manufacturing Essentials,Technology; Business,Offline copy of OpenStax Additive Manufacturing Essentials.,Additive Manufacturing Essentials,21.3,19.7,1.7,5,Tagged Science and Business; name matches the book,OpenStax license review
math,Math,openstax-algebra-1,Algebra 1,Mathematics,Offline copy of OpenStax Algebra 1. OpenStax category: Secondary Math.,Algebra 1,81.5,78.9,2.6,6,Not college algebra and not the algebra sample,OpenStax license review
math,Math,openstax-prealgebra-2e,Prealgebra,Mathematics,Offline copy of OpenStax Prealgebra 2e.,Prealgebra 2e,63.2,60.3,3.0,7,Different book from Elementary Algebra,OpenStax license review
math,Math,openstax-elementary-algebra-2e,Elementary Algebra,Mathematics,Offline copy of OpenStax Elementary Algebra 2e.,Elementary Algebra 2e,56.7,54.1,2.6,6,Different book from Intermediate Algebra and Algebra 1,OpenStax license review
math,Math,openstax-intermediate-algebra-2e,Intermediate Algebra,Mathematics,Offline copy of OpenStax Intermediate Algebra 2e.,Intermediate Algebra 2e,79.8,77.2,2.6,6,Different book from College Algebra,OpenStax license review
math,Math,openstax-college-algebra-2e,College Algebra,Mathematics,Both live college-algebra textbooks: 2e and 2e with corequisite support.,College Algebra 2e; College Algebra 2e with Corequisite Support,190.5,167.3,23.2,9,"Same course, two live books",OpenStax license review
math,Math,openstax-algebra-and-trigonometry-2e,Algebra and Trigonometry,Mathematics,Offline copy of OpenStax Algebra and Trigonometry 2e.,Algebra and Trigonometry 2e,116.0,110.9,5.1,7,Not College Algebra or Precalculus,OpenStax license review
math,Math,openstax-precalculus-2e,Precalculus,Mathematics,Offline copy of OpenStax Precalculus 2e.,Precalculus 2e,114.2,109.1,5.1,7,Separate from Algebra and Trigonometry,OpenStax license review
math,Math,openstax-calculus,"Calculus, Volumes 1–3",Mathematics,"Calculus volumes 1, 2, and 3 as one numbered textbook.",Calculus Volume 1; Volume 2; Volume 3,225.3,170.4,54.9,11,Numbered volumes of one work,Large supplementary files
math,Math,openstax-contemporary-mathematics,Contemporary Mathematics,Mathematics,Offline copy of OpenStax Contemporary Mathematics.,Contemporary Mathematics,110.1,101.9,8.3,6,Separate from algebra and calculus,OpenStax license review
math,Math,openstax-introductory-statistics-2e,Introductory Statistics,Mathematics,Offline copy of OpenStax Introductory Statistics 2e.,Introductory Statistics 2e,27.0,22.4,4.6,8,Not the secondary Statistics book and not business statistics,OpenStax license review
math,Math,openstax-statistics,Statistics,Mathematics,Offline copy of the OpenStax book titled Statistics. Catalog license is CC BY 4.0. OpenStax category: Secondary Math.,Statistics,32.6,30.0,2.6,6,Different book and license line from Introductory Statistics 2e,CC BY 4.0; still blocked on the OpenStax AI notice
business,Business,openstax-introduction-to-business-2e,Introduction to Business,Business,Offline copy of OpenStax Introduction to Business 2e.,Introduction to Business 2e,144.8,141.9,2.8,7,Survey book only,OpenStax license review
business,Business,openstax-principles-of-accounting,"Principles of Accounting, Volumes 1–2",Business,"Financial and managerial accounting, the two volumes of this set.","Principles of Accounting, Volume 1: Financial Accounting; Volume 2: Managerial Accounting",247.5,244.9,2.6,7,Numbered pair,OpenStax license review
business,Business,openstax-principles-of-finance-2e,Principles of Finance,Business,Offline copy of OpenStax Principles of Finance 2e.,Principles of Finance 2e,32.0,29.5,2.6,6,Not the accounting volumes,OpenStax license review
business,Business,openstax-principles-of-management,Principles of Management,Business,Offline copy of OpenStax Principles of Management.,Principles of Management,65.2,62.6,2.6,6,Separate from marketing and organizational behavior,OpenStax license review
business,Business,openstax-principles-of-marketing,Principles of Marketing,Business,Offline copy of OpenStax Principles of Marketing.,Principles of Marketing,61.2,59.6,1.7,5,Separate from management,OpenStax license review
business,Business,openstax-entrepreneurship,Entrepreneurship,Business,Offline copy of OpenStax Entrepreneurship.,Entrepreneurship,126.0,123.4,2.6,6,Separate textbook,OpenStax license review
business,Business,openstax-organizational-behavior,Organizational Behavior,Business,Offline copy of OpenStax Organizational Behavior.,Organizational Behavior,46.7,44.1,2.6,6,Separate from Principles of Management,OpenStax license review
business,Business,openstax-business-ethics,Business Ethics,Business,Offline copy of OpenStax Business Ethics.,Business Ethics,51.6,49.0,2.6,6,Separate from Business Law I Essentials,OpenStax license review
business,Business,openstax-business-law-i-essentials-2e,Business Law I Essentials,Business,Offline copy of OpenStax Business Law I Essentials 2e.,Business Law I Essentials 2e,15.0,12.5,2.6,6,Separate from Business Ethics,OpenStax license review
business,Business,openstax-introduction-to-intellectual-property,Introduction to Intellectual Property,Business,Offline copy of OpenStax Introduction to Intellectual Property. Catalog license is CC BY 4.0.,Introduction to Intellectual Property,25.3,23.4,1.8,5,Separate law title,CC BY 4.0; still blocked on the OpenStax AI notice
business,Business,openstax-introductory-business-statistics-2e,Introductory Business Statistics,Business; Mathematics,Offline copy of OpenStax Introductory Business Statistics 2e.,Introductory Business Statistics 2e,25.8,21.7,4.1,8,Not Introductory Statistics 2e,OpenStax license review
business,Business,openstax-workplace-software-and-skills,Workplace Software and Skills,Business; Technology,Offline copy of OpenStax Workplace Software and Skills.,Workplace Software and Skills,279.4,276.8,2.6,6,Tagged Business and Computer Science; too large to hide inside Business,OpenStax license review
social-sciences,Social Sciences,openstax-american-government-4e,American Government,Social sciences,Offline copy of OpenStax American Government 4e.,American Government 4e,150.4,147.9,2.6,6,Not world history and not political science,OpenStax license review
social-sciences,Social Sciences,openstax-introduction-to-anthropology,Introduction to Anthropology,Social sciences,Offline copy of OpenStax Introduction to Anthropology.,Introduction to Anthropology,98.3,96.5,1.8,5,Separate textbook,OpenStax license review
social-sciences,Social Sciences,openstax-introduction-to-sociology-3e,Introduction to Sociology,Social sciences,Offline copy of OpenStax Introduction to Sociology 3e.,Introduction to Sociology 3e,48.7,46.1,2.7,7,Separate from psychology and anthropology,OpenStax license review
social-sciences,Social Sciences,openstax-introduction-to-political-science,Introduction to Political Science,Social sciences,Offline copy of OpenStax Introduction to Political Science.,Introduction to Political Science,77.4,74.8,2.6,6,Separate from American Government,OpenStax license review
social-sciences,Social Sciences,openstax-psychology-2e,Psychology,Social sciences,Offline copy of OpenStax Psychology 2e.,Psychology 2e,59.7,55.1,4.7,9,Not lifespan development and not behavioral neuroscience,OpenStax license review
social-sciences,Social Sciences,openstax-lifespan-development,Lifespan Development,Social sciences,Offline copy of OpenStax Lifespan Development.,Lifespan Development,74.2,71.6,2.6,6,Separate from Psychology 2e,OpenStax license review
social-sciences,Social Sciences,openstax-behavioral-neuroscience,Introduction to Behavioral Neuroscience,Science; Social sciences,Offline copy of OpenStax Introduction to Behavioral Neuroscience.,Introduction to Behavioral Neuroscience,252.8,250.2,2.6,6,One book tagged Social Sciences and Science,OpenStax license review
social-sciences,Social Sciences,openstax-principles-of-economics-3e,Principles of Economics,Social sciences; Business,Offline copy of the combined OpenStax Principles of Economics 3e.,Principles of Economics 3e,51.2,47.2,4.1,6,Not a bundle of the macro and micro books,OpenStax license review
social-sciences,Social Sciences,openstax-principles-of-macroeconomics-3e,Principles of Macroeconomics,Social sciences; Business,Offline copy of OpenStax Principles of Macroeconomics 3e.,Principles of Macroeconomics 3e,36.1,32.0,4.1,6,Separate from the combined economics book,OpenStax license review
social-sciences,Social Sciences,openstax-principles-of-microeconomics-3e,Principles of Microeconomics,Social sciences; Business,Offline copy of OpenStax Principles of Microeconomics 3e.,Principles of Microeconomics 3e,31.9,27.9,4.1,6,Separate from the combined economics book,OpenStax license review
humanities,Humanities,openstax-us-history,U.S. History,History,Offline copy of OpenStax U.S. History.,U.S. History,132.7,130.1,2.6,7,Split out of Humanities,OpenStax license review
humanities,Humanities,openstax-world-history,"World History, Volumes 1–2",History,World History volume 1 (to 1500) and volume 2 (from 1400).,"World History, Volume 1: to 1500; World History, Volume 2: from 1400",320.8,318.2,2.6,7,"Numbered pair, not U.S. History",OpenStax license review
humanities,Humanities,openstax-introduction-to-philosophy,Introduction to Philosophy,Arts and humanities,Offline copy of OpenStax Introduction to Philosophy.,Introduction to Philosophy,48.4,45.8,2.6,6,Not a history book,OpenStax license review
humanities,Humanities,openstax-writing-guide,Writing Guide with Handbook,Arts and humanities,Offline copy of OpenStax Writing Guide with Handbook.,Writing Guide with Handbook,66.1,60.6,5.5,7,Not a history book,OpenStax license review
nursing,Nursing,openstax-clinical-nursing-skills,Clinical Nursing Skills,Health,Offline copy of OpenStax Clinical Nursing Skills.,Clinical Nursing Skills,94.3,91.3,3.1,7,One specialty textbook,OpenStax license review
nursing,Nursing,openstax-fundamentals-of-nursing,Fundamentals of Nursing,Health,Offline copy of OpenStax Fundamentals of Nursing.,Fundamentals of Nursing,94.7,92.1,2.6,6,Not the same book as Clinical Nursing Skills,OpenStax license review
nursing,Nursing,openstax-maternal-newborn-nursing,Maternal-Newborn Nursing,Health,Offline copy of OpenStax Maternal-Newborn Nursing.,Maternal-Newborn Nursing,59.6,58.0,1.7,5,Separate clinical area,OpenStax license review
nursing,Nursing,openstax-medical-surgical-nursing,Medical-Surgical Nursing,Health,Offline copy of OpenStax Medical-Surgical Nursing.,Medical-Surgical Nursing,72.0,69.4,2.6,6,Separate clinical area,OpenStax license review
nursing,Nursing,openstax-nutrition-for-nurses,Nutrition for Nurses,Health,Offline copy of OpenStax Nutrition for Nurses.,Nutrition for Nurses,32.7,30.1,2.6,6,Title limits it to this textbook,OpenStax license review
nursing,Nursing,openstax-pharmacology-for-nurses,Pharmacology for Nurses,Health,Offline copy of OpenStax Pharmacology for Nurses.,Pharmacology for Nurses,48.0,45.0,3.0,7,Separate from Nutrition for Nurses,OpenStax license review
nursing,Nursing,openstax-population-health-for-nurses,Population Health for Nurses,Health,Offline copy of OpenStax Population Health for Nurses.,Population Health for Nurses,60.5,58.0,2.6,6,Separate textbook,OpenStax license review
nursing,Nursing,openstax-psychiatric-mental-health-nursing,Psychiatric-Mental Health Nursing,Health,Offline copy of OpenStax Psychiatric-Mental Health Nursing.,Psychiatric-Mental Health Nursing,29.0,27.4,1.7,5,Separate from Psychology 2e,OpenStax license review
computer-science,Computer Science,openstax-introduction-to-computer-science,Introduction to Computer Science,Technology,Offline copy of OpenStax Introduction to Computer Science.,Introduction to Computer Science,56.2,53.7,2.6,6,Not the Python book and not information systems,OpenStax license review
computer-science,Computer Science,openstax-introduction-to-python,Introduction to Python Programming,Technology,Offline copy of OpenStax Introduction to Python Programming.,Introduction to Python Programming,11.2,9.5,1.7,5,One language textbook,OpenStax license review
computer-science,Computer Science,openstax-foundations-of-information-systems,Foundations of Information Systems,Technology,Offline copy of OpenStax Foundations of Information Systems.,Foundations of Information Systems,27.0,24.4,2.6,6,Separate from the computer-science introduction,OpenStax license review
computer-science,Computer Science,openstax-principles-of-data-science,Principles of Data Science,Technology; Business; Mathematics,Offline copy of OpenStax Principles of Data Science.,Principles of Data Science,68.0,35.6,32.4,7,"One book tagged Computer Science, Business, and Math",Large supplementary files
college-success,College Success,college-success,College Success,Learning skills,Three OpenStax college-success textbooks.,College Success; College Success Concise; Preparing for College Success,128.3,124.7,3.6,11,Name already matches; replace the generated description and the culture category,OpenStax license review
ciencia,Ciencia,openstax-fisica-universitaria,"Física universitaria, volúmenes 1–3",Science,Spanish university-physics volumes 1–3. Different files from the English set.,Física universitaria volumen 1; volumen 2; volumen 3,193.4,168.6,24.8,6,"Language edition, not a pack named Ciencia",Volume 1 is CC BY 4.0; volumes 2 and 3 have no license URL
ciencia,Ciencia,openstax-quimica-2ed,Química,Science,Spanish Química 2ed.,Química 2ed,188.6,177.2,11.5,2,Not the atoms-first Spanish book,License URL missing
ciencia,Ciencia,openstax-quimica-atomos-2ed,Química: Comenzando con los átomos,Science,Spanish Química: Comenzando con los átomos 2ed.,Química: Comenzando con los átomos 2ed,190.0,177.0,13.0,2,Different textbook from Química 2ed,License URL missing
matematicas,Matemáticas,openstax-calculo,"Cálculo, volúmenes 1–3",Mathematics,Spanish calculus volumes 1–3.,Cálculo volumen 1; volumen 2; volumen 3,143.7,143.7,0.0,3,Numbered set; different files from English Calculus,License URL missing
matematicas,Matemáticas,openstax-precalculo-2ed,Precálculo,Mathematics,Spanish Precálculo 2ed.,Precálculo 2ed,99.6,99.6,0.0,1,Not the English Precalculus file,License URL missing
matematicas,Matemáticas,openstax-introduccion-estadistica,Introducción a la estadística,Mathematics,Spanish Introducción a la estadística.,Introducción a la estadística,24.2,24.2,0.0,1,Not the business-statistics Spanish book,License URL missing
matematicas,Matemáticas,openstax-estadistica-empresarial,Introducción a la estadística empresarial,Mathematics; Business,Spanish Introducción a la estadística empresarial.,Introducción a la estadística empresarial,22.1,22.1,0.0,1,Tagged Matemáticas and Empresarial,License URL missing
seekora-algebra-sample,Algebra Starter (Sample),seekora-algebra-sample,Algebra Starter (Sample),Mathematics,"Four original chapters: linear equations, quadratic equations, functions, and exponents.",4 chapters; 12 sections; 32 passages,0.02,0.02,0.0,1,Name already matches the contents,Confirm MIT before public release
topic:general,General,,,General,"Not a pack. morelike search over Knowledge, Education, Culture, Society.",No curated article list,,,,,Search results are not stable membership,Curate page ids before any pack is named
topic:science,Science,,,Science,"Not a pack. morelike search over Physics, Chemistry, Biology, Astronomy, Geology.",No curated article list,,,,,"2026-10-10 sample was outlines, chemistry pages, and a biography",Curate page ids before any pack is named
topic:technology,Technology,,,Technology,"Not a pack. morelike search over Engineering, Computer science, Internet, Electronics.",No curated article list,,,,,Sample included a publication list and a biography,Curate page ids before any pack is named
topic:history,History,,,History,"Not a pack. morelike search over Civilization, Archaeology, Ancient Rome, Middle Ages.",No curated article list,,,,,"Sample was ancient Mediterranean and European history, not a world survey",Curate page ids before any pack is named
topic:health,Health,,,Health,"Not a pack. morelike search over Medicine, Disease, Anatomy, Public health.",No curated article list,,,,,Sample included a glossary and history-of-medicine pages,Curate page ids before any pack is named
topic:business,Business,,,Business,"Not a pack. morelike search over Economics, Finance, Marketing, Accounting.",No curated article list,,,,,Sample was technical economics and short biographies,Curate page ids before any pack is named
topic:arts,Arts,,,Arts and humanities,"Not a pack. morelike search over Visual arts, Literature, Music, Theatre.",No curated article list,,,,,Sample was mostly Greek theatre and music,Curate page ids before any pack is named
topic:environment,Environment,,,Environment,"Not a pack. morelike search over Ecology, Climate change, Biodiversity, Conservation biology.",No curated article list,,,,,Sample mixed survey articles and a biography,Curate page ids before any pack is named
